/*
SQLyog Ultimate v8.32 
MySQL - 5.7.10-log : Database - shiro
*********************************************************************
*/

/*!40101 SET NAMES utf8 */;

/*!40101 SET SQL_MODE=''*/;

/*!40014 SET @OLD_UNIQUE_CHECKS=@@UNIQUE_CHECKS, UNIQUE_CHECKS=0 */;
/*!40014 SET @OLD_FOREIGN_KEY_CHECKS=@@FOREIGN_KEY_CHECKS, FOREIGN_KEY_CHECKS=0 */;
/*!40101 SET @OLD_SQL_MODE=@@SQL_MODE, SQL_MODE='NO_AUTO_VALUE_ON_ZERO' */;
/*!40111 SET @OLD_SQL_NOTES=@@SQL_NOTES, SQL_NOTES=0 */;
CREATE DATABASE /*!32312 IF NOT EXISTS*/`shiro` /*!40100 DEFAULT CHARACTER SET utf8 */;

USE `shiro`;

/*Table structure for table `items` */

DROP TABLE IF EXISTS `items`;

CREATE TABLE `items` (
  `id` int(11) NOT NULL AUTO_INCREMENT,
  `name` varchar(32) NOT NULL COMMENT '商品名称',
  `price` float(10,1) NOT NULL COMMENT '商品定价',
  `detail` text COMMENT '商品描述',
  `pic` varchar(64) DEFAULT NULL COMMENT '商品图片',
  `createtime` datetime NOT NULL COMMENT '生产日期',
  PRIMARY KEY (`id`)
) ENGINE=InnoDB AUTO_INCREMENT=4 DEFAULT CHARSET=utf8;

/*Data for the table `items` */

insert  into `items`(`id`,`name`,`price`,`detail`,`pic`,`createtime`) values (1,'台式机',3000.0,NULL,'73edaece506b4420b15a9a068a5bd6c1.','2017-07-28 11:56:52'),(2,'笔记本',6000.0,'笔记本性能好，质量好！！！！！',NULL,'2015-02-09 13:22:57'),(3,'背包',200.0,'名牌背包，容量大质量好！！！！',NULL,'2015-02-06 13:23:02');

/*Table structure for table `sys_permission` */

DROP TABLE IF EXISTS `sys_permission`;

CREATE TABLE `sys_permission` (
  `id` bigint(20) NOT NULL COMMENT '主键',
  `name` varchar(128) NOT NULL COMMENT '资源名称',
  `type` varchar(32) NOT NULL COMMENT '资源类型：menu,button,',
  `url` varchar(128) DEFAULT NULL COMMENT '访问url地址',
  `percode` varchar(128) DEFAULT NULL COMMENT '权限代码字符串',
  `parentid` bigint(20) DEFAULT NULL COMMENT '父结点id',
  `parentids` varchar(128) DEFAULT NULL COMMENT '父结点id列表串',
  `sortstring` varchar(128) DEFAULT NULL COMMENT '排序号',
  `available` char(1) DEFAULT NULL COMMENT '是否可用,1：可用，0不可用',
  PRIMARY KEY (`id`)
) ENGINE=InnoDB DEFAULT CHARSET=utf8;

/*Data for the table `sys_permission` */

insert  into `sys_permission`(`id`,`name`,`type`,`url`,`percode`,`parentid`,`parentids`,`sortstring`,`available`) values (1,'权限','','',NULL,0,'0/','0','1'),(11,'商品管理','menu','/itemlist.action',NULL,1,'0/1/','1.','1'),(12,'商品新增','permission','/item/add.action','item:create',11,'0/1/11/','','1'),(13,'商品修改','permission','/item/editItem.action','item:update',11,'0/1/11/','','1'),(14,'商品删除','permission','','item:delete',11,'0/1/11/','','1'),(15,'商品查询','permission','/item/queryItem.action','item:query',11,'0/1/15/',NULL,'1'),(21,'用户管理','menu','/user/query.action','user:query',1,'0/1/','2.','1'),(22,'用户新增','permission','','user:create',21,'0/1/21/','','1'),(23,'用户修改','permission','','user:update',21,'0/1/21/','','1'),(24,'用户删除','permission','','user:delete',21,'0/1/21/','','1');

/*Table structure for table `sys_role` */

DROP TABLE IF EXISTS `sys_role`;

CREATE TABLE `sys_role` (
  `id` varchar(36) NOT NULL,
  `name` varchar(128) NOT NULL,
  `available` char(1) DEFAULT NULL COMMENT '是否可用,1：可用，0不可用',
  PRIMARY KEY (`id`)
) ENGINE=InnoDB DEFAULT CHARSET=utf8;

/*Data for the table `sys_role` */

insert  into `sys_role`(`id`,`name`,`available`) values ('ebc8a441-c6f9-11e4-b137-0adc305c3f28','商品管理员','1'),('ebc9d647-c6f9-11e4-b137-0adc305c3f28','用户管理员','1');

/*Table structure for table `sys_role_permission` */

DROP TABLE IF EXISTS `sys_role_permission`;

CREATE TABLE `sys_role_permission` (
  `id` varchar(36) NOT NULL,
  `sys_role_id` varchar(32) NOT NULL COMMENT '角色id',
  `sys_permission_id` varchar(32) NOT NULL COMMENT '权限id',
  PRIMARY KEY (`id`)
) ENGINE=InnoDB DEFAULT CHARSET=utf8;

/*Data for the table `sys_role_permission` */

insert  into `sys_role_permission`(`id`,`sys_role_id`,`sys_permission_id`) values ('ebc8a441-c6f9-11e4-b137-0adc305c3f21','ebc8a441-c6f9-11e4-b137-0adc305c','12'),('ebc8a441-c6f9-11e4-b137-0adc305c3f22','ebc8a441-c6f9-11e4-b137-0adc305c','11'),('ebc8a441-c6f9-11e4-b137-0adc305c3f24','ebc9d647-c6f9-11e4-b137-0adc305c','21'),('ebc8a441-c6f9-11e4-b137-0adc305c3f25','ebc8a441-c6f9-11e4-b137-0adc305c','15'),('ebc9d647-c6f9-11e4-b137-0adc305c3f23','ebc9d647-c6f9-11e4-b137-0adc305c','22'),('ebc9d647-c6f9-11e4-b137-0adc305c3f26','ebc8a441-c6f9-11e4-b137-0adc305c','13');

/*Table structure for table `sys_user` */

DROP TABLE IF EXISTS `sys_user`;

CREATE TABLE `sys_user` (
  `id` varchar(36) NOT NULL COMMENT '主键',
  `usercode` varchar(32) NOT NULL COMMENT '账号',
  `username` varchar(64) NOT NULL COMMENT '姓名',
  `password` varchar(32) NOT NULL COMMENT '密码',
  `salt` varchar(64) DEFAULT NULL COMMENT '盐',
  `locked` char(1) DEFAULT NULL COMMENT '账号是否锁定，1：锁定，0未锁定',
  PRIMARY KEY (`id`)
) ENGINE=InnoDB DEFAULT CHARSET=utf8;

/*Data for the table `sys_user` */

insert  into `sys_user`(`id`,`usercode`,`username`,`password`,`salt`,`locked`) values ('lisi','lisi','李四','96e79218965eb72c92a549dd5a330112','uiwueylm','0'),('zhangsan','zhangsan','张三','96e79218965eb72c92a549dd5a330112','eteokues','0');

/*Table structure for table `sys_user_role` */

DROP TABLE IF EXISTS `sys_user_role`;

CREATE TABLE `sys_user_role` (
  `id` varchar(36) NOT NULL,
  `sys_user_id` varchar(32) NOT NULL,
  `sys_role_id` varchar(32) NOT NULL,
  PRIMARY KEY (`id`)
) ENGINE=InnoDB DEFAULT CHARSET=utf8;

/*Data for the table `sys_user_role` */

insert  into `sys_user_role`(`id`,`sys_user_id`,`sys_role_id`) values ('ebc8a441-c6f9-11e4-b137-0adc305c3f28','zhangsan','ebc8a441-c6f9-11e4-b137-0adc305c'),('ebc9d647-c6f9-11e4-b137-0adc305c3f28','lisi','ebc9d647-c6f9-11e4-b137-0adc305c');

/*Table structure for table `user` */

DROP TABLE IF EXISTS `user`;

CREATE TABLE `user` (
  `id` int(11) NOT NULL AUTO_INCREMENT,
  `username` varchar(32) NOT NULL COMMENT '用户名称',
  `birthday` date DEFAULT NULL COMMENT '生日',
  `sex` char(1) DEFAULT NULL COMMENT '性别',
  `address` varchar(256) DEFAULT NULL COMMENT '地址',
  PRIMARY KEY (`id`)
) ENGINE=InnoDB AUTO_INCREMENT=27 DEFAULT CHARSET=utf8;

/*Data for the table `user` */

insert  into `user`(`id`,`username`,`birthday`,`sex`,`address`) values (1,'王五',NULL,'2',NULL),(10,'张三','2014-07-10','1','北京市'),(16,'张小明',NULL,'1','河南郑州'),(22,'陈小明',NULL,'1','河南郑州'),(24,'张三丰',NULL,'1','河南郑州'),(25,'陈小明',NULL,'1','河南郑州'),(26,'王五',NULL,NULL,NULL);

/*Table structure for table `user_roles` */

DROP TABLE IF EXISTS `user_roles`;

CREATE TABLE `user_roles` (
  `id` bigint(20) NOT NULL AUTO_INCREMENT,
  `username` varchar(100) DEFAULT NULL,
  `role_name` varchar(100) DEFAULT NULL,
  PRIMARY KEY (`id`),
  UNIQUE KEY `idx_user_roles` (`username`,`role_name`)
) ENGINE=InnoDB AUTO_INCREMENT=3 DEFAULT CHARSET=utf8;

/*Data for the table `user_roles` */

insert  into `user_roles`(`id`,`username`,`role_name`) values (1,'zhang','role1'),(2,'zhang','role2');

/*Table structure for table `users` */

DROP TABLE IF EXISTS `users`;

CREATE TABLE `users` (
  `id` bigint(20) NOT NULL AUTO_INCREMENT,
  `username` varchar(100) DEFAULT NULL,
  `password` varchar(100) DEFAULT NULL,
  `password_salt` varchar(100) DEFAULT NULL,
  PRIMARY KEY (`id`),
  UNIQUE KEY `idx_users_username` (`username`)
) ENGINE=InnoDB AUTO_INCREMENT=3 DEFAULT CHARSET=utf8;

/*Data for the table `users` */

insert  into `users`(`id`,`username`,`password`,`password_salt`) values (2,'zhang','123',NULL);

/*!40101 SET SQL_MODE=@OLD_SQL_MODE */;
/*!40014 SET FOREIGN_KEY_CHECKS=@OLD_FOREIGN_KEY_CHECKS */;
/*!40014 SET UNIQUE_CHECKS=@OLD_UNIQUE_CHECKS */;
/*!40111 SET SQL_NOTES=@OLD_SQL_NOTES */;
